Année 2023,quantity,type,"Salles de TP / TD ou pour 
personnel (BIATSS / enseignants…)",dateDebut,"Montant TTC
(incluant la Taxe éco-contribution)",Description détaillée du matériel
PC portables,3,DELL PRECISION 3571, Personnel BIATSS,06/02/2023,"9,572.28","3 PC portables catégorie 1 - Configuration n°4 PRECISION Mobile 3571 - 
WD22TB4 - 5 docks Thunderbolt 180W - 2 x DP 1.4 / 1 x HDMI / 2 x Thunderbolt / 2 x USB-C / Ethernet & USB -
30 adaptateurs 7en1 DA310 (HDMI, DP, VGA, Ethernet, USB-C et 2xUSB-A) -4 sacs à dos Dell Ecoloop Pro 15-17'' "
PC portables,1,HEWLETT-PACKARD EliteBook 640 G9,Personnel BIATSS,03/04/2023,"1,026.48","1 PC portable EliteBook Cat2Conf2A_640G9_14-FHD-250n_i3-16Go-256Go  - Intel i7-1265U nWWAN 640G9 BNBPC non compatible 4G vP
Windows 11 Pro 64 Downgrade Win 10 Pro 64 - Ecran 14"" Haute-Definition Anti-reflets LED 250 nitz
Station d'accueil HP USB-C Essential Dock G5 - Sacoche recyclée HP Prelude Pro"
PC portables,10,HEWLETT-PACKARD EliteBook 640 G9, Personnel BIATSS,24/05/2023,"13,418.04","10 PC portables EliteBook 640 G9 Cat2Conf2A_640G9_14-FHD-250n_i3-16Go-256Go - 
Intel i7-1265U nWWAN 640G9 BNBPC non compatible 4G vPro - Windows 11 Pro 64 Downgrade Win 10 Pro 64 - 
Ecran 14"" Haute-Definition Anti-reflets LED 250 nitz - Disque dur 2280 PCIe NVMe 512 GB SSD - 
Adaptateur secteur angle droit nPFC 65 Watts - Station d'accueil HP Thunderbolt 120 W G4 - HP 65W USB-C LC Power Adapter EURO
Sacoche recyclee HP Prelude Pro 15,6 pouces a ouverture"
PC portables,1,HEWLETT-PACKARD EliteBook X360,DGS ,15/06/2023,"1,237.74","1 PC HP EliteBook Cat1Conf3B_x360 435 G10_13-FHD-250n_r3-8Go-256Go - AMD Ryzen 7 7730U x360 435 G10 Non compatible 4G - 
Windows 11 Pro 64 Downgrade Win 10 Pro 64 - Stylet HP Slim rechargeable - Memoire 16 Go (1x16 Go) DDR4 3200 - 
Disque SSD 1 To 2280 PCIe NVMe TLC - Station d'accueil HP Thunderbolt 120 W G4 - HP 65W USB-C LC Power Adapter EURO - 
Sacoche pour ordinateur portable HP Renew Business 14,1"
PC portables,8,HEWLETT-PACKARD EliteBook 640 G9,Personnel BIATSS,28/09/2023,"8,510.40","8 PC portables EliteBook 640 G9 - Cat2Conf2A_640G9_14-FHD-250n_i3-16Go-256Go - Processeur Intel i7-1365U 640 G10 - Windows 11 Pro 64 retrograde en Win 10 Pro 64 - Disque SSD 512 Go PCIe NVMe Value - Station d'accueil HP Thunderbolt 120 W G4 - Sacoche recyclee HP Prelude Pro 15,6 pouces a ouverture  "
PC portables,1,HEWLETT-PACKARD EliteBook 860 G10 ,Agent comptable ,28/08/2023,"1,489.82","1 PC portable EliteBook 860 G10 - Cat3Conf3A_860G10_16-FHD-250n_i5-16Go-512Go -
Ordinateur portable HP IDS UMA i7-1370P Realtek USBC 860 - Windows 11 Pro 64 retrograde en Win 10 Pro 64 - 
Disque SSD 1 To 2280 PCIe NVMe TLC - Sacoche pour ordinateur portable HP Renew Executive 16 - Station d'accueil HP Thunderbolt 120 W G4"
PC portables,1,HEWLETT-PACKARD EliteBook 640 G10,DSI ,02/11/2023,"1,367.40","1 PC pHP EliteBook 640 G10 - Certification Ubuntu Version 22.04 - HP IDS UMA i7-1370P for WWAN TI PD IC 640 G10 Base NB PC - 
Windows 11 Pro 64 - 14 inch FHD (1920x1080) Anti-Glare LED UWVA 250 for WWAN for HD Webcam Narrow Bezel bent - 
32GB (2x16GB) DDR4 3200 - 512GB PCIe NVMe Value Solid State Drive - Core i7 sz3 G13 Label - Station d'accueil HP
Thunderbolt 120 W G4 - "
PC portables,8,HEWLETT-PACKARD EliteBook 640 G10,Stock DSI ,28/11/2023,"8,510.40","8 HP EliteBook 640 G10 - Certification Ubuntu 22.04 Cat2Conf2A_640G10_14-FHD-250n_i3-16Go-256Go - 
HP IDS UMA i7-1365U TI PD IC 640 G10 Base NB PC - Windows 11 Pro 64 - 512GB PCIe NVMe Value Solid - 
State Drive - HP Prelude Pro 15.6-inch Recycled Top Load - Station d'accueil HP Thunderbolt 120 W G4"
PC portables,1,DELL PRECISION 3571,Laboratoire LAMCOS ,01/11/2023,"1,927.70","1 PC fixe PRECISION Mobile 3571 - 1 moniteur 24"" Dell "
PC portables,7,HEWLETT-PACKARD EliteBook 640G10,Stock DSI ,28/11/2023,"7,446.60","7 HP EliteBook 640 G10 - Certification Ubuntu 22.04 - Cat2Conf2A_640G10_14-FHD-250n_i3-16Go-256Go - 
HP IDS UMA i7-1365U TI PD IC 640 G10 Base NB PC - Windows 11 Pro 64 - 512GB PCIe NVMe Value Solid
State Drive - HP Prelude Pro 15.6-inch Recycled Top Load - Station d'accueil HP Thunderbolt 120 W G4"
PC portables,1,HP ELITE C645 G2 CHROMEBOOK ENTERPRISE,Laboratoire BF2I ,28/08/2023,712.28,"1 PC fixe tout en un - Cat3Conf1AD_800G9_AIO_24""_i5-8Go-512Go, Windows 11 Pro 64 Downgrade Win 10 Pro 64, 16GB (1x16GB) DDR5 4800"
PC fixes,13,DELL PRECISION 3561,SMART-RAO - Salle 302-109,05/04/2023,"16,353.79","13 PC fixes Catégorie 1 - Configuration n° 3 PRECISION 3660 format MT - Intel Core i7-12700 (12 coeurs HT, 2.1-4.9
Ghz Turbo, 25 Mo cache, 65W) - 32Go 4400MHz DDR5 - 2x16Go - SSD 1To M.2 PCIe NVMe Classe 40 -
NVIDIA T1000 4Go (896 coeurs CUDA, 4xmDP) "
PC fixes,16,DELL PRECISION 3561,TC - Salle Radiocom TSC203,25/09/2023,"19,905.02","16 PC fixes Catégorie 1 - Configuration n° 2 PRECISION 3460 format SSF - Intel Core i7-13700 (16 coeurs HT, 2.1-5.2
Ghz Turbo, 30 Mo cache, 65W) - 32Go 4800MHz DDR5 - 2x16Go - SSD 1To M.2 PCIe NVMe Classe 40 - NVIDIA T1000 8Go (896 coeurs CUDA, 4xmDP)"
Serveurs,1,HEWLETT-PACKARD Serveur HPE,Bât. Joseph Jacquard,19/09/2023,"27342,72",Serveur HPE pour le stockage et la sauvegarde des données Configuration de BASE Cat2 Conf5 DL160 Gen10 HPE ProLiant DL160 Gen10 
Serveurs,2,HEWLETT-PACKARD Serveurs HPE,Bât. Joseph Jacquard,17/11/2023,"93193,54",Serveurs HPE StoreOnce 3660 96T pour le stockage et la sauvegarde des données Configuration de BASE Cat2 Conf5 DL160 Gen10 HPE ProLiant DL160 Gen10 
Serveurs,4,HEWLETT-PACKARD Serveurs HPE,Pour l'infrastructure VDI,22/12/2023,"137910,12",Serveurs HPE pour le stockage et la sauvegarde des données Configuration de BASE HPE DL385 Gen 11 GPU CTO
Serveurs,1,HEWLETT-PACKARD Serveur DL 385,Pour l'infrastructure VDI,20/12/2023,"42822,19",Serveurs HPE pour le stockage et la sauvegarde des données Configuration de BASE HPE DL385 Gen 11 GPU CTO
Serveurs,1,DELL Serveur Dell PowerStore 1200T,Pour l'infrastructure VDI,08/12/2023,"123585,13","Appliance DIMM 384 Go, 192 Go par nœud, SSD SED NVME 25X2,5 P1, 7,68To, Paire de cartes à 4 ports optiques 25GbE, Paire bloc d'alimentation L9 1800 WATT, PowerStore Kit d'installation du bâti de base, PowerStore NVRAM FIPS QTÉ 2, Paire de cartes mezzanines PowerStore 100 Go, "
Mobiles SFR,2,GALAXY A53 5G (SM-A536),ALMA,01/07/2023,931.20,"Processeur Samsung Exynos 1280 - Caméra 64 Mp 4 capteurs -Taille d'écran 6,5 pouces - Définition 2400 x 1080 pixels - Batterie 5000mAh"
Mobiles SFR,1,XIAOMI NOTE 11,CETHIL,01/01/2023,190.80,"Processeur Mediatek Helio G96 - Caméra 108 Mp - 4 capteurs - Taille d'écran6,47 pouces - Définition 2400 x 1080 pixels - Batterie 5000mAh"
Mobiles SFR,1,GALAXY A53 5G (SM-A536),DAFOR,01/06/2023,480.00,"Processeur Samsung Exynos 1380 - Caméra 50 Mp - 3 capteurs - Taille d'écran 6,4 pouces - Définition 2340 x 1080 pixels - Batterie 5000mAh"
Mobiles SFR,2,GALAXY S20 FE 5G (G781B),DGSA,01/05/2023,"1123,2","Processeur Qualcomm Snapdragon 865 - Caméra 12 Mp - 3 capteurs - Taille d'écran 6,5 pouces - Définition 2400 x 1080 pixels - Batterie 4500 mAh"
Mobiles SFR,1,APPLE IPHONE 11 128GB,DIRCOM,01/10/2023,546.00,"Processeur  Apple A13 Bionic - Caméra 12 Mp - 3 capteurs - Taille d'écran 5,8 pouces - Définition 2436 x 1125 pixels  - Batterie 3046 mAh"
Mobiles SFR,1,XIAOMI 12T 5G NOIR,DIRCOM,01/09/2023,636.00,"Processeur Mediatek Dimensity 8100-Ultra - Caméra 108 Mp - 3 capteurs -Taille d'écran 6,67 pouces - Définition2712 x 1220 pixels - Batterie5000mAh"
Mobiles SFR,5,GALAXY A52s 5G (SM-A528),DPI,01/01/2023,1974,"Processeur Qualcomm Snapdragon 778G - Caméra 64 Mp - 4 capteurs - Taille d'écran 6,5 pouces - Définition2400 x 1080 pixels -  Batterie 4500mAh"
Mobiles SFR,1,GALAXY S21 FE 5G (G990B),DSI ,01/06/2023,700.80,"Processeur SoC Qualcomm Snapdragon 888 - Caméra 12 Mp - 3 capteurs - Taille d'écran 6,41 pouces - Définition2400 x 1080 pixels- Batterie 4500mAh"
Mobiles SFR,3,GALAXY A52 (SM-A525F-DS),DSI,01/05/2023,536.40,"Processeur Samsung Exynos 850 - Caméra 50 Mp - 3 capteurs - Taille d'écran 6,5 pouces - Définition1600 x 720 pixels- Batterie 5000mAh"
Mobiles SFR,1,GALAXY A52 5G (SM-A526),REST,01/02/2023,298.80,"Processeur Qualcomm Snapdragon 695 - Caméra 50 Mp - 4 capteurs - Taille d'écran 6,6 pouces - Définition2408 x 1080 pixels - Batterie 5000mAh"
Mobiles SFR,1,GALAXY A52S 5G,REST,01/09/2023,328.80,"Processeur Qualcomm Snapdragon 695 - Caméra 50 Mp - 4 capteurs - Taille d'écran 6,6 pouces - Définition2408 x 1080 pixels - Batterie 5000mAh"
Mobiles SFR,2,CROSsCALL CORE M5,REST,01/03/2023,607.20,"Processeur Qualcomm Snapdragon 662 - Caméra 13 Mp - 1 capteur - Taille d'écran 4,95 pouces - Définition960 x 480 pixels - Batterie 4000 mAh"
Mobiles SFR,1,GALAXY A52s 5G (SM-A528),SPORTS,01/01/2023,394.80,"Processeur Qualcomm Snapdragon 778G - Caméra 64 Mp - 4 capteurs - Taille d'écran 6,5 pouces - Définition2400 x 1080 pixels -  Batterie 4500mAh"
Ecrans,60,IIYAMA  ProLite XUB2595WSU-B1,DSI,17/03/2023,"16,712.20","Écran LED - 25"" - 1920 x  1200 Full HD (1080p) @ 75 Hz - AH-IPS - 300 cd/m² - 1000:1 -
4 ms - HDMI, VGA, DisplayPort - haut-parleurs - noir mat"
PC portables,3,DELL PRECISION 3571, Personnel BIATSS,06/02/2022,"9,572.28","3 PC portables catégorie 1 - Configuration n°4 PRECISION Mobile 3571 - 
WD22TB4 - 5 docks Thunderbolt 180W - 2 x DP 1.4 / 1 x HDMI / 2 x Thunderbolt / 2 x USB-C / Ethernet & USB -
30 adaptateurs 7en1 DA310 (HDMI, DP, VGA, Ethernet, USB-C et 2xUSB-A) -4 sacs à dos Dell Ecoloop Pro 15-17'' "
PC portables,1,HEWLETT-PACKARD EliteBook 640 G9,Personnel BIATSS,03/04/2022,"1,026.48","1 PC portable EliteBook Cat2Conf2A_640G9_14-FHD-250n_i3-16Go-256Go  - Intel i7-1265U nWWAN 640G9 BNBPC non compatible 4G vP
Windows 11 Pro 64 Downgrade Win 10 Pro 64 - Ecran 14"" Haute-Definition Anti-reflets LED 250 nitz
Station d'accueil HP USB-C Essential Dock G5 - Sacoche recyclée HP Prelude Pro"
PC portables,10,HEWLETT-PACKARD EliteBook 640 G9, Personnel BIATSS,24/05/2022,"13,418.04","10 PC portables EliteBook 640 G9 Cat2Conf2A_640G9_14-FHD-250n_i3-16Go-256Go - 
Intel i7-1265U nWWAN 640G9 BNBPC non compatible 4G vPro - Windows 11 Pro 64 Downgrade Win 10 Pro 64 - 
Ecran 14"" Haute-Definition Anti-reflets LED 250 nitz - Disque dur 2280 PCIe NVMe 512 GB SSD - 
Adaptateur secteur angle droit nPFC 65 Watts - Station d'accueil HP Thunderbolt 120 W G4 - HP 65W USB-C LC Power Adapter EURO
Sacoche recyclee HP Prelude Pro 15,6 pouces a ouverture"
PC portables,1,HEWLETT-PACKARD EliteBook X360,DGS ,15/06/2022,"1,237.74","1 PC HP EliteBook Cat1Conf3B_x360 435 G10_13-FHD-250n_r3-8Go-256Go - AMD Ryzen 7 7730U x360 435 G10 Non compatible 4G - 
Windows 11 Pro 64 Downgrade Win 10 Pro 64 - Stylet HP Slim rechargeable - Memoire 16 Go (1x16 Go) DDR4 3200 - 
Disque SSD 1 To 2280 PCIe NVMe TLC - Station d'accueil HP Thunderbolt 120 W G4 - HP 65W USB-C LC Power Adapter EURO - 
Sacoche pour ordinateur portable HP Renew Business 14,1"
PC portables,8,HEWLETT-PACKARD EliteBook 640 G9,Personnel BIATSS,28/09/2022,"8,510.40","8 PC portables EliteBook 640 G9 - Cat2Conf2A_640G9_14-FHD-250n_i3-16Go-256Go - Processeur Intel i7-1365U 640 G10 - Windows 11 Pro 64 retrograde en Win 10 Pro 64 - Disque SSD 512 Go PCIe NVMe Value - Station d'accueil HP Thunderbolt 120 W G4 - Sacoche recyclee HP Prelude Pro 15,6 pouces a ouverture  "
PC portables,1,HEWLETT-PACKARD EliteBook 860 G10 ,Agent comptable ,28/08/2022,"1,489.82","1 PC portable EliteBook 860 G10 - Cat3Conf3A_860G10_16-FHD-250n_i5-16Go-512Go -
Ordinateur portable HP IDS UMA i7-1370P Realtek USBC 860 - Windows 11 Pro 64 retrograde en Win 10 Pro 64 - 
Disque SSD 1 To 2280 PCIe NVMe TLC - Sacoche pour ordinateur portable HP Renew Executive 16 - Station d'accueil HP Thunderbolt 120 W G4"
PC portables,1,HEWLETT-PACKARD EliteBook 640 G10,DSI ,02/11/2022,"1,367.40","1 PC pHP EliteBook 640 G10 - Certification Ubuntu Version 22.04 - HP IDS UMA i7-1370P for WWAN TI PD IC 640 G10 Base NB PC - 
Windows 11 Pro 64 - 14 inch FHD (1920x1080) Anti-Glare LED UWVA 250 for WWAN for HD Webcam Narrow Bezel bent - 
32GB (2x16GB) DDR4 3200 - 512GB PCIe NVMe Value Solid State Drive - Core i7 sz3 G13 Label - Station d'accueil HP
Thunderbolt 120 W G4 - "
PC portables,8,HEWLETT-PACKARD EliteBook 640 G10,Stock DSI ,28/11/2022,"8,510.40","8 HP EliteBook 640 G10 - Certification Ubuntu 22.04 Cat2Conf2A_640G10_14-FHD-250n_i3-16Go-256Go - 
HP IDS UMA i7-1365U TI PD IC 640 G10 Base NB PC - Windows 11 Pro 64 - 512GB PCIe NVMe Value Solid - 
State Drive - HP Prelude Pro 15.6-inch Recycled Top Load - Station d'accueil HP Thunderbolt 120 W G4"
PC portables,1,DELL PRECISION 3571,Laboratoire LAMCOS ,01/11/2022,"1,927.70","1 PC fixe PRECISION Mobile 3571 - 1 moniteur 24"" Dell "
PC portables,7,HEWLETT-PACKARD EliteBook 640G10,Stock DSI ,28/11/2022,"7,446.60","7 HP EliteBook 640 G10 - Certification Ubuntu 22.04 - Cat2Conf2A_640G10_14-FHD-250n_i3-16Go-256Go - 
HP IDS UMA i7-1365U TI PD IC 640 G10 Base NB PC - Windows 11 Pro 64 - 512GB PCIe NVMe Value Solid
State Drive - HP Prelude Pro 15.6-inch Recycled Top Load - Station d'accueil HP Thunderbolt 120 W G4"
PC portables,1,HP ELITE C645 G2 CHROMEBOOK ENTERPRISE,Laboratoire BF2I ,28/08/2022,712.28,"1 PC fixe tout en un - Cat3Conf1AD_800G9_AIO_24""_i5-8Go-512Go, Windows 11 Pro 64 Downgrade Win 10 Pro 64, 16GB (1x16GB) DDR5 4800"
PC fixes,13,DELL PRECISION 3561,SMART-RAO - Salle 302-109,05/04/2022,"16,353.79","13 PC fixes Catégorie 1 - Configuration n° 3 PRECISION 3660 format MT - Intel Core i7-12700 (12 coeurs HT, 2.1-4.9
Ghz Turbo, 25 Mo cache, 65W) - 32Go 4400MHz DDR5 - 2x16Go - SSD 1To M.2 PCIe NVMe Classe 40 -
NVIDIA T1000 4Go (896 coeurs CUDA, 4xmDP) "
PC fixes,16,DELL PRECISION 3561,TC - Salle Radiocom TSC203,25/09/2022,"19,905.02","16 PC fixes Catégorie 1 - Configuration n° 2 PRECISION 3460 format SSF - Intel Core i7-13700 (16 coeurs HT, 2.1-5.2
Ghz Turbo, 30 Mo cache, 65W) - 32Go 4800MHz DDR5 - 2x16Go - SSD 1To M.2 PCIe NVMe Classe 40 - NVIDIA T1000 8Go (896 coeurs CUDA, 4xmDP)"
Serveurs,1,HEWLETT-PACKARD Serveur HPE,Bât. Joseph Jacquard,19/09/2022,"27342,72",Serveur HPE pour le stockage et la sauvegarde des données Configuration de BASE Cat2 Conf5 DL160 Gen10 HPE ProLiant DL160 Gen10 
Serveurs,2,HEWLETT-PACKARD Serveurs HPE,Bât. Joseph Jacquard,17/11/2022,"93193,54",Serveurs HPE StoreOnce 3660 96T pour le stockage et la sauvegarde des données Configuration de BASE Cat2 Conf5 DL160 Gen10 HPE ProLiant DL160 Gen10 
Serveurs,4,HEWLETT-PACKARD Serveurs HPE,Pour l'infrastructure VDI,22/12/2022,"137910,12",Serveurs HPE pour le stockage et la sauvegarde des données Configuration de BASE HPE DL385 Gen 11 GPU CTO
Serveurs,1,HEWLETT-PACKARD Serveur DL 385,Pour l'infrastructure VDI,20/12/2022,"42822,19",Serveurs HPE pour le stockage et la sauvegarde des données Configuration de BASE HPE DL385 Gen 11 GPU CTO
Serveurs,1,DELL Serveur Dell PowerStore 1200T,Pour l'infrastructure VDI,08/12/2022,"123585,13","Appliance DIMM 384 Go, 192 Go par nœud, SSD SED NVME 25X2,5 P1, 7,68To, Paire de cartes à 4 ports optiques 25GbE, Paire bloc d'alimentation L9 1800 WATT, PowerStore Kit d'installation du bâti de base, PowerStore NVRAM FIPS QTÉ 2, Paire de cartes mezzanines PowerStore 100 Go, "
Mobiles SFR,2,GALAXY A53 5G (SM-A536),ALMA,01/07/2022,931.20,"Processeur Samsung Exynos 1280 - Caméra 64 Mp 4 capteurs -Taille d'écran 6,5 pouces - Définition 2400 x 1080 pixels - Batterie 5000mAh"
Mobiles SFR,1,XIAOMI NOTE 11,CETHIL,01/01/2022,190.80,"Processeur Mediatek Helio G96 - Caméra 108 Mp - 4 capteurs - Taille d'écran6,47 pouces - Définition 2400 x 1080 pixels - Batterie 5000mAh"
Mobiles SFR,1,GALAXY A53 5G (SM-A536),DAFOR,01/06/2022,480.00,"Processeur Samsung Exynos 1380 - Caméra 50 Mp - 3 capteurs - Taille d'écran 6,4 pouces - Définition 2340 x 1080 pixels - Batterie 5000mAh"
Mobiles SFR,2,GALAXY S20 FE 5G (G781B),DGSA,01/05/2022,"1123,2","Processeur Qualcomm Snapdragon 865 - Caméra 12 Mp - 3 capteurs - Taille d'écran 6,5 pouces - Définition 2400 x 1080 pixels - Batterie 4500 mAh"
Mobiles SFR,1,APPLE IPHONE 11 128GB,DIRCOM,01/10/2022,546.00,"Processeur  Apple A13 Bionic - Caméra 12 Mp - 3 capteurs - Taille d'écran 5,8 pouces - Définition 2436 x 1125 pixels  - Batterie 3046 mAh"
Mobiles SFR,1,XIAOMI 12T 5G NOIR,DIRCOM,01/09/2022,636.00,"Processeur Mediatek Dimensity 8100-Ultra - Caméra 108 Mp - 3 capteurs -Taille d'écran 6,67 pouces - Définition2712 x 1220 pixels - Batterie5000mAh"
Mobiles SFR,5,GALAXY A52s 5G (SM-A528),DPI,01/01/2022,1974,"Processeur Qualcomm Snapdragon 778G - Caméra 64 Mp - 4 capteurs - Taille d'écran 6,5 pouces - Définition2400 x 1080 pixels -  Batterie 4500mAh"
Mobiles SFR,1,GALAXY S21 FE 5G (G990B),DSI ,01/06/2022,700.80,"Processeur SoC Qualcomm Snapdragon 888 - Caméra 12 Mp - 3 capteurs - Taille d'écran 6,41 pouces - Définition2400 x 1080 pixels- Batterie 4500mAh"
Mobiles SFR,3,GALAXY A52 (SM-A525F-DS),DSI,01/05/2022,536.40,"Processeur Samsung Exynos 850 - Caméra 50 Mp - 3 capteurs - Taille d'écran 6,5 pouces - Définition1600 x 720 pixels- Batterie 5000mAh"
Mobiles SFR,1,GALAXY A52 5G (SM-A526),REST,01/02/2022,298.80,"Processeur Qualcomm Snapdragon 695 - Caméra 50 Mp - 4 capteurs - Taille d'écran 6,6 pouces - Définition2408 x 1080 pixels - Batterie 5000mAh"
Mobiles SFR,1,GALAXY A52S 5G,REST,01/09/2022,328.80,"Processeur Qualcomm Snapdragon 695 - Caméra 50 Mp - 4 capteurs - Taille d'écran 6,6 pouces - Définition2408 x 1080 pixels - Batterie 5000mAh"
Mobiles SFR,2,CROSsCALL CORE M5,REST,01/03/2022,607.20,"Processeur Qualcomm Snapdragon 662 - Caméra 13 Mp - 1 capteur - Taille d'écran 4,95 pouces - Définition960 x 480 pixels - Batterie 4000 mAh"
Mobiles SFR,1,GALAXY A52s 5G (SM-A528),SPORTS,01/01/2022,394.80,"Processeur Qualcomm Snapdragon 778G - Caméra 64 Mp - 4 capteurs - Taille d'écran 6,5 pouces - Définition2400 x 1080 pixels -  Batterie 4500mAh"
Ecrans,60,IIYAMA  ProLite XUB2595WSU-B1,DSI,17/03/2022,"16,712.20","Écran LED - 25"" - 1920 x  1200 Full HD (1080p) @ 75 Hz - AH-IPS - 300 cd/m² - 1000:1 -
4 ms - HDMI, VGA, DisplayPort - haut-parleurs - noir mat"
PC portables,3,DELL PRECISION 3571, Personnel BIATSS,06/02/2021,"9,572.28","3 PC portables catégorie 1 - Configuration n°4 PRECISION Mobile 3571 - 
WD22TB4 - 5 docks Thunderbolt 180W - 2 x DP 1.4 / 1 x HDMI / 2 x Thunderbolt / 2 x USB-C / Ethernet & USB -
30 adaptateurs 7en1 DA310 (HDMI, DP, VGA, Ethernet, USB-C et 2xUSB-A) -4 sacs à dos Dell Ecoloop Pro 15-17'' "
PC portables,1,HEWLETT-PACKARD EliteBook 640 G9,Personnel BIATSS,03/04/2021,"1,026.48","1 PC portable EliteBook Cat2Conf2A_640G9_14-FHD-250n_i3-16Go-256Go  - Intel i7-1265U nWWAN 640G9 BNBPC non compatible 4G vP
Windows 11 Pro 64 Downgrade Win 10 Pro 64 - Ecran 14"" Haute-Definition Anti-reflets LED 250 nitz
Station d'accueil HP USB-C Essential Dock G5 - Sacoche recyclée HP Prelude Pro"
PC portables,10,HEWLETT-PACKARD EliteBook 640 G9, Personnel BIATSS,24/05/2021,"13,418.04","10 PC portables EliteBook 640 G9 Cat2Conf2A_640G9_14-FHD-250n_i3-16Go-256Go - 
Intel i7-1265U nWWAN 640G9 BNBPC non compatible 4G vPro - Windows 11 Pro 64 Downgrade Win 10 Pro 64 - 
Ecran 14"" Haute-Definition Anti-reflets LED 250 nitz - Disque dur 2280 PCIe NVMe 512 GB SSD - 
Adaptateur secteur angle droit nPFC 65 Watts - Station d'accueil HP Thunderbolt 120 W G4 - HP 65W USB-C LC Power Adapter EURO
Sacoche recyclee HP Prelude Pro 15,6 pouces a ouverture"
PC portables,1,HEWLETT-PACKARD EliteBook X360,DGS ,15/06/2021,"1,237.74","1 PC HP EliteBook Cat1Conf3B_x360 435 G10_13-FHD-250n_r3-8Go-256Go - AMD Ryzen 7 7730U x360 435 G10 Non compatible 4G - 
Windows 11 Pro 64 Downgrade Win 10 Pro 64 - Stylet HP Slim rechargeable - Memoire 16 Go (1x16 Go) DDR4 3200 - 
Disque SSD 1 To 2280 PCIe NVMe TLC - Station d'accueil HP Thunderbolt 120 W G4 - HP 65W USB-C LC Power Adapter EURO - 
Sacoche pour ordinateur portable HP Renew Business 14,1"
PC portables,8,HEWLETT-PACKARD EliteBook 640 G9,Personnel BIATSS,28/09/2021,"8,510.40","8 PC portables EliteBook 640 G9 - Cat2Conf2A_640G9_14-FHD-250n_i3-16Go-256Go - Processeur Intel i7-1365U 640 G10 - Windows 11 Pro 64 retrograde en Win 10 Pro 64 - Disque SSD 512 Go PCIe NVMe Value - Station d'accueil HP Thunderbolt 120 W G4 - Sacoche recyclee HP Prelude Pro 15,6 pouces a ouverture  "
PC portables,1,HEWLETT-PACKARD EliteBook 860 G10 ,Agent comptable ,28/08/2021,"1,489.82","1 PC portable EliteBook 860 G10 - Cat3Conf3A_860G10_16-FHD-250n_i5-16Go-512Go -
Ordinateur portable HP IDS UMA i7-1370P Realtek USBC 860 - Windows 11 Pro 64 retrograde en Win 10 Pro 64 - 
Disque SSD 1 To 2280 PCIe NVMe TLC - Sacoche pour ordinateur portable HP Renew Executive 16 - Station d'accueil HP Thunderbolt 120 W G4"
PC portables,1,HEWLETT-PACKARD EliteBook 640 G10,DSI ,02/11/2021,"1,367.40","1 PC pHP EliteBook 640 G10 - Certification Ubuntu Version 22.04 - HP IDS UMA i7-1370P for WWAN TI PD IC 640 G10 Base NB PC - 
Windows 11 Pro 64 - 14 inch FHD (1920x1080) Anti-Glare LED UWVA 250 for WWAN for HD Webcam Narrow Bezel bent - 
32GB (2x16GB) DDR4 3200 - 512GB PCIe NVMe Value Solid State Drive - Core i7 sz3 G13 Label - Station d'accueil HP
Thunderbolt 120 W G4 - "
PC portables,8,HEWLETT-PACKARD EliteBook 640 G10,Stock DSI ,28/11/2021,"8,510.40","8 HP EliteBook 640 G10 - Certification Ubuntu 22.04 Cat2Conf2A_640G10_14-FHD-250n_i3-16Go-256Go - 
HP IDS UMA i7-1365U TI PD IC 640 G10 Base NB PC - Windows 11 Pro 64 - 512GB PCIe NVMe Value Solid - 
State Drive - HP Prelude Pro 15.6-inch Recycled Top Load - Station d'accueil HP Thunderbolt 120 W G4"
PC portables,1,DELL PRECISION 3571,Laboratoire LAMCOS ,01/11/2021,"1,927.70","1 PC fixe PRECISION Mobile 3571 - 1 moniteur 24"" Dell "
PC portables,7,HEWLETT-PACKARD EliteBook 640G10,Stock DSI ,28/11/2021,"7,446.60","7 HP EliteBook 640 G10 - Certification Ubuntu 22.04 - Cat2Conf2A_640G10_14-FHD-250n_i3-16Go-256Go - 
HP IDS UMA i7-1365U TI PD IC 640 G10 Base NB PC - Windows 11 Pro 64 - 512GB PCIe NVMe Value Solid
State Drive - HP Prelude Pro 15.6-inch Recycled Top Load - Station d'accueil HP Thunderbolt 120 W G4"
PC portables,1,HP ELITE C645 G2 CHROMEBOOK ENTERPRISE,Laboratoire BF2I ,28/08/2021,712.28,"1 PC fixe tout en un - Cat3Conf1AD_800G9_AIO_24""_i5-8Go-512Go, Windows 11 Pro 64 Downgrade Win 10 Pro 64, 16GB (1x16GB) DDR5 4800"
PC fixes,13,DELL PRECISION 3561,SMART-RAO - Salle 302-109,05/04/2021,"16,353.79","13 PC fixes Catégorie 1 - Configuration n° 3 PRECISION 3660 format MT - Intel Core i7-12700 (12 coeurs HT, 2.1-4.9
Ghz Turbo, 25 Mo cache, 65W) - 32Go 4400MHz DDR5 - 2x16Go - SSD 1To M.2 PCIe NVMe Classe 40 -
NVIDIA T1000 4Go (896 coeurs CUDA, 4xmDP) "
PC fixes,16,DELL PRECISION 3561,TC - Salle Radiocom TSC203,25/09/2021,"19,905.02","16 PC fixes Catégorie 1 - Configuration n° 2 PRECISION 3460 format SSF - Intel Core i7-13700 (16 coeurs HT, 2.1-5.2
Ghz Turbo, 30 Mo cache, 65W) - 32Go 4800MHz DDR5 - 2x16Go - SSD 1To M.2 PCIe NVMe Classe 40 - NVIDIA T1000 8Go (896 coeurs CUDA, 4xmDP)"
Serveurs,1,HEWLETT-PACKARD Serveur HPE,Bât. Joseph Jacquard,19/09/2021,"27342,72",Serveur HPE pour le stockage et la sauvegarde des données Configuration de BASE Cat2 Conf5 DL160 Gen10 HPE ProLiant DL160 Gen10 
Serveurs,2,HEWLETT-PACKARD Serveurs HPE,Bât. Joseph Jacquard,17/11/2021,"93193,54",Serveurs HPE StoreOnce 3660 96T pour le stockage et la sauvegarde des données Configuration de BASE Cat2 Conf5 DL160 Gen10 HPE ProLiant DL160 Gen10 
Serveurs,4,HEWLETT-PACKARD Serveurs HPE,Pour l'infrastructure VDI,22/12/2021,"137910,12",Serveurs HPE pour le stockage et la sauvegarde des données Configuration de BASE HPE DL385 Gen 11 GPU CTO
Serveurs,1,HEWLETT-PACKARD Serveur DL 385,Pour l'infrastructure VDI,20/12/2021,"42822,19",Serveurs HPE pour le stockage et la sauvegarde des données Configuration de BASE HPE DL385 Gen 11 GPU CTO
Serveurs,1,DELL Serveur Dell PowerStore 1200T,Pour l'infrastructure VDI,08/12/2021,"123585,13","Appliance DIMM 384 Go, 192 Go par nœud, SSD SED NVME 25X2,5 P1, 7,68To, Paire de cartes à 4 ports optiques 25GbE, Paire bloc d'alimentation L9 1800 WATT, PowerStore Kit d'installation du bâti de base, PowerStore NVRAM FIPS QTÉ 2, Paire de cartes mezzanines PowerStore 100 Go, "
Mobiles SFR,2,GALAXY A53 5G (SM-A536),ALMA,01/07/2021,931.20,"Processeur Samsung Exynos 1280 - Caméra 64 Mp 4 capteurs -Taille d'écran 6,5 pouces - Définition 2400 x 1080 pixels - Batterie 5000mAh"
Mobiles SFR,1,XIAOMI NOTE 11,CETHIL,01/01/2021,190.80,"Processeur Mediatek Helio G96 - Caméra 108 Mp - 4 capteurs - Taille d'écran6,47 pouces - Définition 2400 x 1080 pixels - Batterie 5000mAh"
Mobiles SFR,1,GALAXY A53 5G (SM-A536),DAFOR,01/06/2021,480.00,"Processeur Samsung Exynos 1380 - Caméra 50 Mp - 3 capteurs - Taille d'écran 6,4 pouces - Définition 2340 x 1080 pixels - Batterie 5000mAh"
Mobiles SFR,2,GALAXY S20 FE 5G (G781B),DGSA,01/05/2021,"1123,2","Processeur Qualcomm Snapdragon 865 - Caméra 12 Mp - 3 capteurs - Taille d'écran 6,5 pouces - Définition 2400 x 1080 pixels - Batterie 4500 mAh"
Mobiles SFR,1,APPLE IPHONE 11 128GB,DIRCOM,01/10/2021,546.00,"Processeur  Apple A13 Bionic - Caméra 12 Mp - 3 capteurs - Taille d'écran 5,8 pouces - Définition 2436 x 1125 pixels  - Batterie 3046 mAh"
Mobiles SFR,1,XIAOMI 12T 5G NOIR,DIRCOM,01/09/2021,636.00,"Processeur Mediatek Dimensity 8100-Ultra - Caméra 108 Mp - 3 capteurs -Taille d'écran 6,67 pouces - Définition2712 x 1220 pixels - Batterie5000mAh"
Mobiles SFR,5,GALAXY A52s 5G (SM-A528),DPI,01/01/2021,1974,"Processeur Qualcomm Snapdragon 778G - Caméra 64 Mp - 4 capteurs - Taille d'écran 6,5 pouces - Définition2400 x 1080 pixels -  Batterie 4500mAh"
Mobiles SFR,1,GALAXY S21 FE 5G (G990B),DSI ,01/06/2021,700.80,"Processeur SoC Qualcomm Snapdragon 888 - Caméra 12 Mp - 3 capteurs - Taille d'écran 6,41 pouces - Définition2400 x 1080 pixels- Batterie 4500mAh"
Mobiles SFR,3,GALAXY A52 (SM-A525F-DS),DSI,01/05/2021,536.40,"Processeur Samsung Exynos 850 - Caméra 50 Mp - 3 capteurs - Taille d'écran 6,5 pouces - Définition1600 x 720 pixels- Batterie 5000mAh"
Mobiles SFR,1,GALAXY A52 5G (SM-A526),REST,01/02/2021,298.80,"Processeur Qualcomm Snapdragon 695 - Caméra 50 Mp - 4 capteurs - Taille d'écran 6,6 pouces - Définition2408 x 1080 pixels - Batterie 5000mAh"
Mobiles SFR,1,GALAXY A52S 5G,REST,01/09/2021,328.80,"Processeur Qualcomm Snapdragon 695 - Caméra 50 Mp - 4 capteurs - Taille d'écran 6,6 pouces - Définition2408 x 1080 pixels - Batterie 5000mAh"
Mobiles SFR,2,CROSsCALL CORE M5,REST,01/03/2021,607.20,"Processeur Qualcomm Snapdragon 662 - Caméra 13 Mp - 1 capteur - Taille d'écran 4,95 pouces - Définition960 x 480 pixels - Batterie 4000 mAh"
Mobiles SFR,1,GALAXY A52s 5G (SM-A528),SPORTS,01/01/2021,394.80,"Processeur Qualcomm Snapdragon 778G - Caméra 64 Mp - 4 capteurs - Taille d'écran 6,5 pouces - Définition2400 x 1080 pixels -  Batterie 4500mAh"
Ecrans,60,IIYAMA  ProLite XUB2595WSU-B1,DSI,17/03/2021,"16,712.20","Écran LED - 25"" - 1920 x  1200 Full HD (1080p) @ 75 Hz - AH-IPS - 300 cd/m² - 1000:1 -
4 ms - HDMI, VGA, DisplayPort - haut-parleurs - noir mat"
PC portables,3,DELL PRECISION 3571, Personnel BIATSS,06/02/2020,"9,572.28","3 PC portables catégorie 1 - Configuration n°4 PRECISION Mobile 3571 - 
WD22TB4 - 5 docks Thunderbolt 180W - 2 x DP 1.4 / 1 x HDMI / 2 x Thunderbolt / 2 x USB-C / Ethernet & USB -
30 adaptateurs 7en1 DA310 (HDMI, DP, VGA, Ethernet, USB-C et 2xUSB-A) -4 sacs à dos Dell Ecoloop Pro 15-17'' "
PC portables,1,HEWLETT-PACKARD EliteBook 640 G9,Personnel BIATSS,03/04/2020,"1,026.48","1 PC portable EliteBook Cat2Conf2A_640G9_14-FHD-250n_i3-16Go-256Go  - Intel i7-1265U nWWAN 640G9 BNBPC non compatible 4G vP
Windows 11 Pro 64 Downgrade Win 10 Pro 64 - Ecran 14"" Haute-Definition Anti-reflets LED 250 nitz
Station d'accueil HP USB-C Essential Dock G5 - Sacoche recyclée HP Prelude Pro"
PC portables,10,HEWLETT-PACKARD EliteBook 640 G9, Personnel BIATSS,24/05/2020,"13,418.04","10 PC portables EliteBook 640 G9 Cat2Conf2A_640G9_14-FHD-250n_i3-16Go-256Go - 
Intel i7-1265U nWWAN 640G9 BNBPC non compatible 4G vPro - Windows 11 Pro 64 Downgrade Win 10 Pro 64 - 
Ecran 14"" Haute-Definition Anti-reflets LED 250 nitz - Disque dur 2280 PCIe NVMe 512 GB SSD - 
Adaptateur secteur angle droit nPFC 65 Watts - Station d'accueil HP Thunderbolt 120 W G4 - HP 65W USB-C LC Power Adapter EURO
Sacoche recyclee HP Prelude Pro 15,6 pouces a ouverture"
PC portables,1,HEWLETT-PACKARD EliteBook X360,DGS ,15/06/2020,"1,237.74","1 PC HP EliteBook Cat1Conf3B_x360 435 G10_13-FHD-250n_r3-8Go-256Go - AMD Ryzen 7 7730U x360 435 G10 Non compatible 4G - 
Windows 11 Pro 64 Downgrade Win 10 Pro 64 - Stylet HP Slim rechargeable - Memoire 16 Go (1x16 Go) DDR4 3200 - 
Disque SSD 1 To 2280 PCIe NVMe TLC - Station d'accueil HP Thunderbolt 120 W G4 - HP 65W USB-C LC Power Adapter EURO - 
Sacoche pour ordinateur portable HP Renew Business 14,1"
PC portables,8,HEWLETT-PACKARD EliteBook 640 G9,Personnel BIATSS,28/09/2020,"8,510.40","8 PC portables EliteBook 640 G9 - Cat2Conf2A_640G9_14-FHD-250n_i3-16Go-256Go - Processeur Intel i7-1365U 640 G10 - Windows 11 Pro 64 retrograde en Win 10 Pro 64 - Disque SSD 512 Go PCIe NVMe Value - Station d'accueil HP Thunderbolt 120 W G4 - Sacoche recyclee HP Prelude Pro 15,6 pouces a ouverture  "
PC portables,1,HEWLETT-PACKARD EliteBook 860 G10 ,Agent comptable ,28/08/2020,"1,489.82","1 PC portable EliteBook 860 G10 - Cat3Conf3A_860G10_16-FHD-250n_i5-16Go-512Go -
Ordinateur portable HP IDS UMA i7-1370P Realtek USBC 860 - Windows 11 Pro 64 retrograde en Win 10 Pro 64 - 
Disque SSD 1 To 2280 PCIe NVMe TLC - Sacoche pour ordinateur portable HP Renew Executive 16 - Station d'accueil HP Thunderbolt 120 W G4"
PC portables,1,HEWLETT-PACKARD EliteBook 640 G10,DSI ,02/11/2020,"1,367.40","1 PC pHP EliteBook 640 G10 - Certification Ubuntu Version 22.04 - HP IDS UMA i7-1370P for WWAN TI PD IC 640 G10 Base NB PC - 
Windows 11 Pro 64 - 14 inch FHD (1920x1080) Anti-Glare LED UWVA 250 for WWAN for HD Webcam Narrow Bezel bent - 
32GB (2x16GB) DDR4 3200 - 512GB PCIe NVMe Value Solid State Drive - Core i7 sz3 G13 Label - Station d'accueil HP
Thunderbolt 120 W G4 - "
PC portables,8,HEWLETT-PACKARD EliteBook 640 G10,Stock DSI ,28/11/2020,"8,510.40","8 HP EliteBook 640 G10 - Certification Ubuntu 22.04 Cat2Conf2A_640G10_14-FHD-250n_i3-16Go-256Go - 
HP IDS UMA i7-1365U TI PD IC 640 G10 Base NB PC - Windows 11 Pro 64 - 512GB PCIe NVMe Value Solid - 
State Drive - HP Prelude Pro 15.6-inch Recycled Top Load - Station d'accueil HP Thunderbolt 120 W G4"
PC portables,1,DELL PRECISION 3571,Laboratoire LAMCOS ,01/11/2020,"1,927.70","1 PC fixe PRECISION Mobile 3571 - 1 moniteur 24"" Dell "
PC portables,7,HEWLETT-PACKARD EliteBook 640G10,Stock DSI ,28/11/2020,"7,446.60","7 HP EliteBook 640 G10 - Certification Ubuntu 22.04 - Cat2Conf2A_640G10_14-FHD-250n_i3-16Go-256Go - 
HP IDS UMA i7-1365U TI PD IC 640 G10 Base NB PC - Windows 11 Pro 64 - 512GB PCIe NVMe Value Solid
State Drive - HP Prelude Pro 15.6-inch Recycled Top Load - Station d'accueil HP Thunderbolt 120 W G4"
PC portables,1,HP ELITE C645 G2 CHROMEBOOK ENTERPRISE,Laboratoire BF2I ,28/08/2020,712.28,"1 PC fixe tout en un - Cat3Conf1AD_800G9_AIO_24""_i5-8Go-512Go, Windows 11 Pro 64 Downgrade Win 10 Pro 64, 16GB (1x16GB) DDR5 4800"
PC fixes,13,DELL PRECISION 3561,SMART-RAO - Salle 302-109,05/04/2020,"16,353.79","13 PC fixes Catégorie 1 - Configuration n° 3 PRECISION 3660 format MT - Intel Core i7-12700 (12 coeurs HT, 2.1-4.9
Ghz Turbo, 25 Mo cache, 65W) - 32Go 4400MHz DDR5 - 2x16Go - SSD 1To M.2 PCIe NVMe Classe 40 -
NVIDIA T1000 4Go (896 coeurs CUDA, 4xmDP) "
PC fixes,16,DELL PRECISION 3561,TC - Salle Radiocom TSC203,25/09/2020,"19,905.02","16 PC fixes Catégorie 1 - Configuration n° 2 PRECISION 3460 format SSF - Intel Core i7-13700 (16 coeurs HT, 2.1-5.2
Ghz Turbo, 30 Mo cache, 65W) - 32Go 4800MHz DDR5 - 2x16Go - SSD 1To M.2 PCIe NVMe Classe 40 - NVIDIA T1000 8Go (896 coeurs CUDA, 4xmDP)"
Serveurs,1,HEWLETT-PACKARD Serveur HPE,Bât. Joseph Jacquard,19/09/2020,"27342,72",Serveur HPE pour le stockage et la sauvegarde des données Configuration de BASE Cat2 Conf5 DL160 Gen10 HPE ProLiant DL160 Gen10 
Serveurs,2,HEWLETT-PACKARD Serveurs HPE,Bât. Joseph Jacquard,17/11/2020,"93193,54",Serveurs HPE StoreOnce 3660 96T pour le stockage et la sauvegarde des données Configuration de BASE Cat2 Conf5 DL160 Gen10 HPE ProLiant DL160 Gen10 
Serveurs,4,HEWLETT-PACKARD Serveurs HPE,Pour l'infrastructure VDI,22/12/2020,"137910,12",Serveurs HPE pour le stockage et la sauvegarde des données Configuration de BASE HPE DL385 Gen 11 GPU CTO
Serveurs,1,HEWLETT-PACKARD Serveur DL 385,Pour l'infrastructure VDI,20/12/2020,"42822,19",Serveurs HPE pour le stockage et la sauvegarde des données Configuration de BASE HPE DL385 Gen 11 GPU CTO
Serveurs,1,DELL Serveur Dell PowerStore 1200T,Pour l'infrastructure VDI,08/12/2020,"123585,13","Appliance DIMM 384 Go, 192 Go par nœud, SSD SED NVME 25X2,5 P1, 7,68To, Paire de cartes à 4 ports optiques 25GbE, Paire bloc d'alimentation L9 1800 WATT, PowerStore Kit d'installation du bâti de base, PowerStore NVRAM FIPS QTÉ 2, Paire de cartes mezzanines PowerStore 100 Go, "
Mobiles SFR,2,GALAXY A53 5G (SM-A536),ALMA,01/07/2020,931.20,"Processeur Samsung Exynos 1280 - Caméra 64 Mp 4 capteurs -Taille d'écran 6,5 pouces - Définition 2400 x 1080 pixels - Batterie 5000mAh"
Mobiles SFR,1,XIAOMI NOTE 11,CETHIL,01/01/2020,190.80,"Processeur Mediatek Helio G96 - Caméra 108 Mp - 4 capteurs - Taille d'écran6,47 pouces - Définition 2400 x 1080 pixels - Batterie 5000mAh"
Mobiles SFR,1,GALAXY A53 5G (SM-A536),DAFOR,01/06/2020,480.00,"Processeur Samsung Exynos 1380 - Caméra 50 Mp - 3 capteurs - Taille d'écran 6,4 pouces - Définition 2340 x 1080 pixels - Batterie 5000mAh"
Mobiles SFR,2,GALAXY S20 FE 5G (G781B),DGSA,01/05/2020,"1123,2","Processeur Qualcomm Snapdragon 865 - Caméra 12 Mp - 3 capteurs - Taille d'écran 6,5 pouces - Définition 2400 x 1080 pixels - Batterie 4500 mAh"
Mobiles SFR,1,APPLE IPHONE 11 128GB,DIRCOM,01/10/2020,546.00,"Processeur  Apple A13 Bionic - Caméra 12 Mp - 3 capteurs - Taille d'écran 5,8 pouces - Définition 2436 x 1125 pixels  - Batterie 3046 mAh"
Mobiles SFR,1,XIAOMI 12T 5G NOIR,DIRCOM,01/09/2020,636.00,"Processeur Mediatek Dimensity 8100-Ultra - Caméra 108 Mp - 3 capteurs -Taille d'écran 6,67 pouces - Définition2712 x 1220 pixels - Batterie5000mAh"
Mobiles SFR,5,GALAXY A52s 5G (SM-A528),DPI,01/01/2020,1974,"Processeur Qualcomm Snapdragon 778G - Caméra 64 Mp - 4 capteurs - Taille d'écran 6,5 pouces - Définition2400 x 1080 pixels -  Batterie 4500mAh"
Mobiles SFR,1,GALAXY S21 FE 5G (G990B),DSI ,01/06/2020,700.80,"Processeur SoC Qualcomm Snapdragon 888 - Caméra 12 Mp - 3 capteurs - Taille d'écran 6,41 pouces - Définition2400 x 1080 pixels- Batterie 4500mAh"
Mobiles SFR,3,GALAXY A52 (SM-A525F-DS),DSI,01/05/2020,536.40,"Processeur Samsung Exynos 850 - Caméra 50 Mp - 3 capteurs - Taille d'écran 6,5 pouces - Définition1600 x 720 pixels- Batterie 5000mAh"
Mobiles SFR,1,GALAXY A52 5G (SM-A526),REST,01/02/2020,298.80,"Processeur Qualcomm Snapdragon 695 - Caméra 50 Mp - 4 capteurs - Taille d'écran 6,6 pouces - Définition2408 x 1080 pixels - Batterie 5000mAh"
Mobiles SFR,1,GALAXY A52S 5G,REST,01/09/2020,328.80,"Processeur Qualcomm Snapdragon 695 - Caméra 50 Mp - 4 capteurs - Taille d'écran 6,6 pouces - Définition2408 x 1080 pixels - Batterie 5000mAh"
Mobiles SFR,2,CROSsCALL CORE M5,REST,01/03/2020,607.20,"Processeur Qualcomm Snapdragon 662 - Caméra 13 Mp - 1 capteur - Taille d'écran 4,95 pouces - Définition960 x 480 pixels - Batterie 4000 mAh"
Mobiles SFR,1,GALAXY A52s 5G (SM-A528),SPORTS,01/01/2020,394.80,"Processeur Qualcomm Snapdragon 778G - Caméra 64 Mp - 4 capteurs - Taille d'écran 6,5 pouces - Définition2400 x 1080 pixels -  Batterie 4500mAh"
Ecrans,60,IIYAMA  ProLite XUB2595WSU-B1,DSI,17/03/2020,"16,712.20","Écran LED - 25"" - 1920 x  1200 Full HD (1080p) @ 75 Hz - AH-IPS - 300 cd/m² - 1000:1 -
4 ms - HDMI, VGA, DisplayPort - haut-parleurs - noir mat"
PC portables,3,DELL PRECISION 3571, Personnel BIATSS,06/02/2019,"9,572.28","3 PC portables catégorie 1 - Configuration n°4 PRECISION Mobile 3571 - 
WD22TB4 - 5 docks Thunderbolt 180W - 2 x DP 1.4 / 1 x HDMI / 2 x Thunderbolt / 2 x USB-C / Ethernet & USB -
30 adaptateurs 7en1 DA310 (HDMI, DP, VGA, Ethernet, USB-C et 2xUSB-A) -4 sacs à dos Dell Ecoloop Pro 15-17'' "
PC portables,1,HEWLETT-PACKARD EliteBook 640 G9,Personnel BIATSS,03/04/2019,"1,026.48","1 PC portable EliteBook Cat2Conf2A_640G9_14-FHD-250n_i3-16Go-256Go  - Intel i7-1265U nWWAN 640G9 BNBPC non compatible 4G vP
Windows 11 Pro 64 Downgrade Win 10 Pro 64 - Ecran 14"" Haute-Definition Anti-reflets LED 250 nitz
Station d'accueil HP USB-C Essential Dock G5 - Sacoche recyclée HP Prelude Pro"
PC portables,10,HEWLETT-PACKARD EliteBook 640 G9, Personnel BIATSS,24/05/2019,"13,418.04","10 PC portables EliteBook 640 G9 Cat2Conf2A_640G9_14-FHD-250n_i3-16Go-256Go - 
Intel i7-1265U nWWAN 640G9 BNBPC non compatible 4G vPro - Windows 11 Pro 64 Downgrade Win 10 Pro 64 - 
Ecran 14"" Haute-Definition Anti-reflets LED 250 nitz - Disque dur 2280 PCIe NVMe 512 GB SSD - 
Adaptateur secteur angle droit nPFC 65 Watts - Station d'accueil HP Thunderbolt 120 W G4 - HP 65W USB-C LC Power Adapter EURO
Sacoche recyclee HP Prelude Pro 15,6 pouces a ouverture"
PC portables,1,HEWLETT-PACKARD EliteBook X360,DGS ,15/06/2019,"1,237.74","1 PC HP EliteBook Cat1Conf3B_x360 435 G10_13-FHD-250n_r3-8Go-256Go - AMD Ryzen 7 7730U x360 435 G10 Non compatible 4G - 
Windows 11 Pro 64 Downgrade Win 10 Pro 64 - Stylet HP Slim rechargeable - Memoire 16 Go (1x16 Go) DDR4 3200 - 
Disque SSD 1 To 2280 PCIe NVMe TLC - Station d'accueil HP Thunderbolt 120 W G4 - HP 65W USB-C LC Power Adapter EURO - 
Sacoche pour ordinateur portable HP Renew Business 14,1"
PC portables,8,HEWLETT-PACKARD EliteBook 640 G9,Personnel BIATSS,28/09/2019,"8,510.40","8 PC portables EliteBook 640 G9 - Cat2Conf2A_640G9_14-FHD-250n_i3-16Go-256Go - Processeur Intel i7-1365U 640 G10 - Windows 11 Pro 64 retrograde en Win 10 Pro 64 - Disque SSD 512 Go PCIe NVMe Value - Station d'accueil HP Thunderbolt 120 W G4 - Sacoche recyclee HP Prelude Pro 15,6 pouces a ouverture  "
PC portables,1,HEWLETT-PACKARD EliteBook 860 G10 ,Agent comptable ,28/08/2019,"1,489.82","1 PC portable EliteBook 860 G10 - Cat3Conf3A_860G10_16-FHD-250n_i5-16Go-512Go -
Ordinateur portable HP IDS UMA i7-1370P Realtek USBC 860 - Windows 11 Pro 64 retrograde en Win 10 Pro 64 - 
Disque SSD 1 To 2280 PCIe NVMe TLC - Sacoche pour ordinateur portable HP Renew Executive 16 - Station d'accueil HP Thunderbolt 120 W G4"
PC portables,1,HEWLETT-PACKARD EliteBook 640 G10,DSI ,02/11/2019,"1,367.40","1 PC pHP EliteBook 640 G10 - Certification Ubuntu Version 22.04 - HP IDS UMA i7-1370P for WWAN TI PD IC 640 G10 Base NB PC - 
Windows 11 Pro 64 - 14 inch FHD (1920x1080) Anti-Glare LED UWVA 250 for WWAN for HD Webcam Narrow Bezel bent - 
32GB (2x16GB) DDR4 3200 - 512GB PCIe NVMe Value Solid State Drive - Core i7 sz3 G13 Label - Station d'accueil HP
Thunderbolt 120 W G4 - "
PC portables,8,HEWLETT-PACKARD EliteBook 640 G10,Stock DSI ,28/11/2019,"8,510.40","8 HP EliteBook 640 G10 - Certification Ubuntu 22.04 Cat2Conf2A_640G10_14-FHD-250n_i3-16Go-256Go - 
HP IDS UMA i7-1365U TI PD IC 640 G10 Base NB PC - Windows 11 Pro 64 - 512GB PCIe NVMe Value Solid - 
State Drive - HP Prelude Pro 15.6-inch Recycled Top Load - Station d'accueil HP Thunderbolt 120 W G4"
PC portables,1,DELL PRECISION 3571,Laboratoire LAMCOS ,01/11/2019,"1,927.70","1 PC fixe PRECISION Mobile 3571 - 1 moniteur 24"" Dell "
PC portables,7,HEWLETT-PACKARD EliteBook 640G10,Stock DSI ,28/11/2019,"7,446.60","7 HP EliteBook 640 G10 - Certification Ubuntu 22.04 - Cat2Conf2A_640G10_14-FHD-250n_i3-16Go-256Go - 
HP IDS UMA i7-1365U TI PD IC 640 G10 Base NB PC - Windows 11 Pro 64 - 512GB PCIe NVMe Value Solid
State Drive - HP Prelude Pro 15.6-inch Recycled Top Load - Station d'accueil HP Thunderbolt 120 W G4"
PC portables,1,HP ELITE C645 G2 CHROMEBOOK ENTERPRISE,Laboratoire BF2I ,28/08/2019,712.28,"1 PC fixe tout en un - Cat3Conf1AD_800G9_AIO_24""_i5-8Go-512Go, Windows 11 Pro 64 Downgrade Win 10 Pro 64, 16GB (1x16GB) DDR5 4800"
PC fixes,13,DELL PRECISION 3561,SMART-RAO - Salle 302-109,05/04/2019,"16,353.79","13 PC fixes Catégorie 1 - Configuration n° 3 PRECISION 3660 format MT - Intel Core i7-12700 (12 coeurs HT, 2.1-4.9
Ghz Turbo, 25 Mo cache, 65W) - 32Go 4400MHz DDR5 - 2x16Go - SSD 1To M.2 PCIe NVMe Classe 40 -
NVIDIA T1000 4Go (896 coeurs CUDA, 4xmDP) "
PC fixes,16,DELL PRECISION 3561,TC - Salle Radiocom TSC203,25/09/2019,"19,905.02","16 PC fixes Catégorie 1 - Configuration n° 2 PRECISION 3460 format SSF - Intel Core i7-13700 (16 coeurs HT, 2.1-5.2
Ghz Turbo, 30 Mo cache, 65W) - 32Go 4800MHz DDR5 - 2x16Go - SSD 1To M.2 PCIe NVMe Classe 40 - NVIDIA T1000 8Go (896 coeurs CUDA, 4xmDP)"
Serveurs,1,HEWLETT-PACKARD Serveur HPE,Bât. Joseph Jacquard,19/09/2019,"27342,72",Serveur HPE pour le stockage et la sauvegarde des données Configuration de BASE Cat2 Conf5 DL160 Gen10 HPE ProLiant DL160 Gen10 
Serveurs,2,HEWLETT-PACKARD Serveurs HPE,Bât. Joseph Jacquard,17/11/2019,"93193,54",Serveurs HPE StoreOnce 3660 96T pour le stockage et la sauvegarde des données Configuration de BASE Cat2 Conf5 DL160 Gen10 HPE ProLiant DL160 Gen10 
Serveurs,4,HEWLETT-PACKARD Serveurs HPE,Pour l'infrastructure VDI,22/12/2019,"137910,12",Serveurs HPE pour le stockage et la sauvegarde des données Configuration de BASE HPE DL385 Gen 11 GPU CTO
Serveurs,1,HEWLETT-PACKARD Serveur DL 385,Pour l'infrastructure VDI,20/12/2019,"42822,19",Serveurs HPE pour le stockage et la sauvegarde des données Configuration de BASE HPE DL385 Gen 11 GPU CTO
Serveurs,1,DELL Serveur Dell PowerStore 1200T,Pour l'infrastructure VDI,08/12/2019,"123585,13","Appliance DIMM 384 Go, 192 Go par nœud, SSD SED NVME 25X2,5 P1, 7,68To, Paire de cartes à 4 ports optiques 25GbE, Paire bloc d'alimentation L9 1800 WATT, PowerStore Kit d'installation du bâti de base, PowerStore NVRAM FIPS QTÉ 2, Paire de cartes mezzanines PowerStore 100 Go, "
Mobiles SFR,2,GALAXY A53 5G (SM-A536),ALMA,01/07/2019,931.20,"Processeur Samsung Exynos 1280 - Caméra 64 Mp 4 capteurs -Taille d'écran 6,5 pouces - Définition 2400 x 1080 pixels - Batterie 5000mAh"
Mobiles SFR,1,XIAOMI NOTE 11,CETHIL,01/01/2019,190.80,"Processeur Mediatek Helio G96 - Caméra 108 Mp - 4 capteurs - Taille d'écran6,47 pouces - Définition 2400 x 1080 pixels - Batterie 5000mAh"
Mobiles SFR,1,GALAXY A53 5G (SM-A536),DAFOR,01/06/2019,480.00,"Processeur Samsung Exynos 1380 - Caméra 50 Mp - 3 capteurs - Taille d'écran 6,4 pouces - Définition 2340 x 1080 pixels - Batterie 5000mAh"
Mobiles SFR,2,GALAXY S20 FE 5G (G781B),DGSA,01/05/2019,"1123,2","Processeur Qualcomm Snapdragon 865 - Caméra 12 Mp - 3 capteurs - Taille d'écran 6,5 pouces - Définition 2400 x 1080 pixels - Batterie 4500 mAh"
Mobiles SFR,1,APPLE IPHONE 11 128GB,DIRCOM,01/10/2019,546.00,"Processeur  Apple A13 Bionic - Caméra 12 Mp - 3 capteurs - Taille d'écran 5,8 pouces - Définition 2436 x 1125 pixels  - Batterie 3046 mAh"
Mobiles SFR,1,XIAOMI 12T 5G NOIR,DIRCOM,01/09/2019,636.00,"Processeur Mediatek Dimensity 8100-Ultra - Caméra 108 Mp - 3 capteurs -Taille d'écran 6,67 pouces - Définition2712 x 1220 pixels - Batterie5000mAh"
Mobiles SFR,5,GALAXY A52s 5G (SM-A528),DPI,01/01/2019,1974,"Processeur Qualcomm Snapdragon 778G - Caméra 64 Mp - 4 capteurs - Taille d'écran 6,5 pouces - Définition2400 x 1080 pixels -  Batterie 4500mAh"
Mobiles SFR,1,GALAXY S21 FE 5G (G990B),DSI ,01/06/2019,700.80,"Processeur SoC Qualcomm Snapdragon 888 - Caméra 12 Mp - 3 capteurs - Taille d'écran 6,41 pouces - Définition2400 x 1080 pixels- Batterie 4500mAh"
Mobiles SFR,3,GALAXY A52 (SM-A525F-DS),DSI,01/05/2019,536.40,"Processeur Samsung Exynos 850 - Caméra 50 Mp - 3 capteurs - Taille d'écran 6,5 pouces - Définition1600 x 720 pixels- Batterie 5000mAh"
Mobiles SFR,1,GALAXY A52 5G (SM-A526),REST,01/02/2019,298.80,"Processeur Qualcomm Snapdragon 695 - Caméra 50 Mp - 4 capteurs - Taille d'écran 6,6 pouces - Définition2408 x 1080 pixels - Batterie 5000mAh"
Mobiles SFR,1,GALAXY A52S 5G,REST,01/09/2019,328.80,"Processeur Qualcomm Snapdragon 695 - Caméra 50 Mp - 4 capteurs - Taille d'écran 6,6 pouces - Définition2408 x 1080 pixels - Batterie 5000mAh"
Mobiles SFR,2,CROSsCALL CORE M5,REST,01/03/2019,607.20,"Processeur Qualcomm Snapdragon 662 - Caméra 13 Mp - 1 capteur - Taille d'écran 4,95 pouces - Définition960 x 480 pixels - Batterie 4000 mAh"
Mobiles SFR,1,GALAXY A52s 5G (SM-A528),SPORTS,01/01/2019,394.80,"Processeur Qualcomm Snapdragon 778G - Caméra 64 Mp - 4 capteurs - Taille d'écran 6,5 pouces - Définition2400 x 1080 pixels -  Batterie 4500mAh"
Ecrans,60,IIYAMA  ProLite XUB2595WSU-B1,DSI,17/03/2019,"16,712.20","Écran LED - 25"" - 1920 x  1200 Full HD (1080p) @ 75 Hz - AH-IPS - 300 cd/m² - 1000:1 -
4 ms - HDMI, VGA, DisplayPort - haut-parleurs - noir mat"
PC portables,3,DELL PRECISION 3571, Personnel BIATSS,06/02/2018,"9,572.28","3 PC portables catégorie 1 - Configuration n°4 PRECISION Mobile 3571 - 
WD22TB4 - 5 docks Thunderbolt 180W - 2 x DP 1.4 / 1 x HDMI / 2 x Thunderbolt / 2 x USB-C / Ethernet & USB -
30 adaptateurs 7en1 DA310 (HDMI, DP, VGA, Ethernet, USB-C et 2xUSB-A) -4 sacs à dos Dell Ecoloop Pro 15-17'' "
PC portables,1,HEWLETT-PACKARD EliteBook 640 G9,Personnel BIATSS,03/04/2018,"1,026.48","1 PC portable EliteBook Cat2Conf2A_640G9_14-FHD-250n_i3-16Go-256Go  - Intel i7-1265U nWWAN 640G9 BNBPC non compatible 4G vP
Windows 11 Pro 64 Downgrade Win 10 Pro 64 - Ecran 14"" Haute-Definition Anti-reflets LED 250 nitz
Station d'accueil HP USB-C Essential Dock G5 - Sacoche recyclée HP Prelude Pro"
PC portables,10,HEWLETT-PACKARD EliteBook 640 G9, Personnel BIATSS,24/05/2018,"13,418.04","10 PC portables EliteBook 640 G9 Cat2Conf2A_640G9_14-FHD-250n_i3-16Go-256Go - 
Intel i7-1265U nWWAN 640G9 BNBPC non compatible 4G vPro - Windows 11 Pro 64 Downgrade Win 10 Pro 64 - 
Ecran 14"" Haute-Definition Anti-reflets LED 250 nitz - Disque dur 2280 PCIe NVMe 512 GB SSD - 
Adaptateur secteur angle droit nPFC 65 Watts - Station d'accueil HP Thunderbolt 120 W G4 - HP 65W USB-C LC Power Adapter EURO
Sacoche recyclee HP Prelude Pro 15,6 pouces a ouverture"
PC portables,1,HEWLETT-PACKARD EliteBook X360,DGS ,15/06/2018,"1,237.74","1 PC HP EliteBook Cat1Conf3B_x360 435 G10_13-FHD-250n_r3-8Go-256Go - AMD Ryzen 7 7730U x360 435 G10 Non compatible 4G - 
Windows 11 Pro 64 Downgrade Win 10 Pro 64 - Stylet HP Slim rechargeable - Memoire 16 Go (1x16 Go) DDR4 3200 - 
Disque SSD 1 To 2280 PCIe NVMe TLC - Station d'accueil HP Thunderbolt 120 W G4 - HP 65W USB-C LC Power Adapter EURO - 
Sacoche pour ordinateur portable HP Renew Business 14,1"
PC portables,8,HEWLETT-PACKARD EliteBook 640 G9,Personnel BIATSS,28/09/2018,"8,510.40","8 PC portables EliteBook 640 G9 - Cat2Conf2A_640G9_14-FHD-250n_i3-16Go-256Go - Processeur Intel i7-1365U 640 G10 - Windows 11 Pro 64 retrograde en Win 10 Pro 64 - Disque SSD 512 Go PCIe NVMe Value - Station d'accueil HP Thunderbolt 120 W G4 - Sacoche recyclee HP Prelude Pro 15,6 pouces a ouverture  "
PC portables,1,HEWLETT-PACKARD EliteBook 860 G10 ,Agent comptable ,28/08/2018,"1,489.82","1 PC portable EliteBook 860 G10 - Cat3Conf3A_860G10_16-FHD-250n_i5-16Go-512Go -
Ordinateur portable HP IDS UMA i7-1370P Realtek USBC 860 - Windows 11 Pro 64 retrograde en Win 10 Pro 64 - 
Disque SSD 1 To 2280 PCIe NVMe TLC - Sacoche pour ordinateur portable HP Renew Executive 16 - Station d'accueil HP Thunderbolt 120 W G4"
PC portables,1,HEWLETT-PACKARD EliteBook 640 G10,DSI ,02/11/2018,"1,367.40","1 PC pHP EliteBook 640 G10 - Certification Ubuntu Version 22.04 - HP IDS UMA i7-1370P for WWAN TI PD IC 640 G10 Base NB PC - 
Windows 11 Pro 64 - 14 inch FHD (1920x1080) Anti-Glare LED UWVA 250 for WWAN for HD Webcam Narrow Bezel bent - 
32GB (2x16GB) DDR4 3200 - 512GB PCIe NVMe Value Solid State Drive - Core i7 sz3 G13 Label - Station d'accueil HP
Thunderbolt 120 W G4 - "
PC portables,8,HEWLETT-PACKARD EliteBook 640 G10,Stock DSI ,28/11/2018,"8,510.40","8 HP EliteBook 640 G10 - Certification Ubuntu 22.04 Cat2Conf2A_640G10_14-FHD-250n_i3-16Go-256Go - 
HP IDS UMA i7-1365U TI PD IC 640 G10 Base NB PC - Windows 11 Pro 64 - 512GB PCIe NVMe Value Solid - 
State Drive - HP Prelude Pro 15.6-inch Recycled Top Load - Station d'accueil HP Thunderbolt 120 W G4"
PC portables,1,DELL PRECISION 3571,Laboratoire LAMCOS ,01/11/2018,"1,927.70","1 PC fixe PRECISION Mobile 3571 - 1 moniteur 24"" Dell "
PC portables,7,HEWLETT-PACKARD EliteBook 640G10,Stock DSI ,28/11/2018,"7,446.60","7 HP EliteBook 640 G10 - Certification Ubuntu 22.04 - Cat2Conf2A_640G10_14-FHD-250n_i3-16Go-256Go - 
HP IDS UMA i7-1365U TI PD IC 640 G10 Base NB PC - Windows 11 Pro 64 - 512GB PCIe NVMe Value Solid
State Drive - HP Prelude Pro 15.6-inch Recycled Top Load - Station d'accueil HP Thunderbolt 120 W G4"
PC portables,1,HP ELITE C645 G2 CHROMEBOOK ENTERPRISE,Laboratoire BF2I ,28/08/2018,712.28,"1 PC fixe tout en un - Cat3Conf1AD_800G9_AIO_24""_i5-8Go-512Go, Windows 11 Pro 64 Downgrade Win 10 Pro 64, 16GB (1x16GB) DDR5 4800"
PC fixes,13,DELL PRECISION 3561,SMART-RAO - Salle 302-109,05/04/2018,"16,353.79","13 PC fixes Catégorie 1 - Configuration n° 3 PRECISION 3660 format MT - Intel Core i7-12700 (12 coeurs HT, 2.1-4.9
Ghz Turbo, 25 Mo cache, 65W) - 32Go 4400MHz DDR5 - 2x16Go - SSD 1To M.2 PCIe NVMe Classe 40 -
NVIDIA T1000 4Go (896 coeurs CUDA, 4xmDP) "
PC fixes,16,DELL PRECISION 3561,TC - Salle Radiocom TSC203,25/09/2018,"19,905.02","16 PC fixes Catégorie 1 - Configuration n° 2 PRECISION 3460 format SSF - Intel Core i7-13700 (16 coeurs HT, 2.1-5.2
Ghz Turbo, 30 Mo cache, 65W) - 32Go 4800MHz DDR5 - 2x16Go - SSD 1To M.2 PCIe NVMe Classe 40 - NVIDIA T1000 8Go (896 coeurs CUDA, 4xmDP)"
Serveurs,1,HEWLETT-PACKARD Serveur HPE,Bât. Joseph Jacquard,19/09/2018,"27342,72",Serveur HPE pour le stockage et la sauvegarde des données Configuration de BASE Cat2 Conf5 DL160 Gen10 HPE ProLiant DL160 Gen10 
Serveurs,2,HEWLETT-PACKARD Serveurs HPE,Bât. Joseph Jacquard,17/11/2018,"93193,54",Serveurs HPE StoreOnce 3660 96T pour le stockage et la sauvegarde des données Configuration de BASE Cat2 Conf5 DL160 Gen10 HPE ProLiant DL160 Gen10 
Serveurs,4,HEWLETT-PACKARD Serveurs HPE,Pour l'infrastructure VDI,22/12/2018,"137910,12",Serveurs HPE pour le stockage et la sauvegarde des données Configuration de BASE HPE DL385 Gen 11 GPU CTO
Serveurs,1,HEWLETT-PACKARD Serveur DL 385,Pour l'infrastructure VDI,20/12/2018,"42822,19",Serveurs HPE pour le stockage et la sauvegarde des données Configuration de BASE HPE DL385 Gen 11 GPU CTO
Serveurs,1,DELL Serveur Dell PowerStore 1200T,Pour l'infrastructure VDI,08/12/2018,"123585,13","Appliance DIMM 384 Go, 192 Go par nœud, SSD SED NVME 25X2,5 P1, 7,68To, Paire de cartes à 4 ports optiques 25GbE, Paire bloc d'alimentation L9 1800 WATT, PowerStore Kit d'installation du bâti de base, PowerStore NVRAM FIPS QTÉ 2, Paire de cartes mezzanines PowerStore 100 Go, "
Mobiles SFR,2,GALAXY A53 5G (SM-A536),ALMA,01/07/2018,931.20,"Processeur Samsung Exynos 1280 - Caméra 64 Mp 4 capteurs -Taille d'écran 6,5 pouces - Définition 2400 x 1080 pixels - Batterie 5000mAh"
Mobiles SFR,1,XIAOMI NOTE 11,CETHIL,01/01/2018,190.80,"Processeur Mediatek Helio G96 - Caméra 108 Mp - 4 capteurs - Taille d'écran6,47 pouces - Définition 2400 x 1080 pixels - Batterie 5000mAh"
Mobiles SFR,1,GALAXY A53 5G (SM-A536),DAFOR,01/06/2018,480.00,"Processeur Samsung Exynos 1380 - Caméra 50 Mp - 3 capteurs - Taille d'écran 6,4 pouces - Définition 2340 x 1080 pixels - Batterie 5000mAh"
Mobiles SFR,2,GALAXY S20 FE 5G (G781B),DGSA,01/05/2018,"1123,2","Processeur Qualcomm Snapdragon 865 - Caméra 12 Mp - 3 capteurs - Taille d'écran 6,5 pouces - Définition 2400 x 1080 pixels - Batterie 4500 mAh"
Mobiles SFR,1,APPLE IPHONE 11 128GB,DIRCOM,01/10/2018,546.00,"Processeur  Apple A13 Bionic - Caméra 12 Mp - 3 capteurs - Taille d'écran 5,8 pouces - Définition 2436 x 1125 pixels  - Batterie 3046 mAh"
Mobiles SFR,1,XIAOMI 12T 5G NOIR,DIRCOM,01/09/2018,636.00,"Processeur Mediatek Dimensity 8100-Ultra - Caméra 108 Mp - 3 capteurs -Taille d'écran 6,67 pouces - Définition2712 x 1220 pixels - Batterie5000mAh"
Mobiles SFR,5,GALAXY A52s 5G (SM-A528),DPI,01/01/2018,1974,"Processeur Qualcomm Snapdragon 778G - Caméra 64 Mp - 4 capteurs - Taille d'écran 6,5 pouces - Définition2400 x 1080 pixels -  Batterie 4500mAh"
Mobiles SFR,1,GALAXY S21 FE 5G (G990B),DSI ,01/06/2018,700.80,"Processeur SoC Qualcomm Snapdragon 888 - Caméra 12 Mp - 3 capteurs - Taille d'écran 6,41 pouces - Définition2400 x 1080 pixels- Batterie 4500mAh"
Mobiles SFR,3,GALAXY A52 (SM-A525F-DS),DSI,01/05/2018,536.40,"Processeur Samsung Exynos 850 - Caméra 50 Mp - 3 capteurs - Taille d'écran 6,5 pouces - Définition1600 x 720 pixels- Batterie 5000mAh"
Mobiles SFR,1,GALAXY A52 5G (SM-A526),REST,01/02/2018,298.80,"Processeur Qualcomm Snapdragon 695 - Caméra 50 Mp - 4 capteurs - Taille d'écran 6,6 pouces - Définition2408 x 1080 pixels - Batterie 5000mAh"
Mobiles SFR,1,GALAXY A52S 5G,REST,01/09/2018,328.80,"Processeur Qualcomm Snapdragon 695 - Caméra 50 Mp - 4 capteurs - Taille d'écran 6,6 pouces - Définition2408 x 1080 pixels - Batterie 5000mAh"
Mobiles SFR,2,CROSsCALL CORE M5,REST,01/03/2018,607.20,"Processeur Qualcomm Snapdragon 662 - Caméra 13 Mp - 1 capteur - Taille d'écran 4,95 pouces - Définition960 x 480 pixels - Batterie 4000 mAh"
Mobiles SFR,1,GALAXY A52s 5G (SM-A528),SPORTS,01/01/2018,394.80,"Processeur Qualcomm Snapdragon 778G - Caméra 64 Mp - 4 capteurs - Taille d'écran 6,5 pouces - Définition2400 x 1080 pixels -  Batterie 4500mAh"
Ecrans,60,IIYAMA  ProLite XUB2595WSU-B1,DSI,17/03/2018,"16,712.20","Écran LED - 25"" - 1920 x  1200 Full HD (1080p) @ 75 Hz - AH-IPS - 300 cd/m² - 1000:1 -
4 ms - HDMI, VGA, DisplayPort - haut-parleurs - noir mat"
PC portables,3,DELL PRECISION 3571, Personnel BIATSS,06/02/2017,"9,572.28","3 PC portables catégorie 1 - Configuration n°4 PRECISION Mobile 3571 - 
WD22TB4 - 5 docks Thunderbolt 180W - 2 x DP 1.4 / 1 x HDMI / 2 x Thunderbolt / 2 x USB-C / Ethernet & USB -
30 adaptateurs 7en1 DA310 (HDMI, DP, VGA, Ethernet, USB-C et 2xUSB-A) -4 sacs à dos Dell Ecoloop Pro 15-17'' "
PC portables,1,HEWLETT-PACKARD EliteBook 640 G9,Personnel BIATSS,03/04/2017,"1,026.48","1 PC portable EliteBook Cat2Conf2A_640G9_14-FHD-250n_i3-16Go-256Go  - Intel i7-1265U nWWAN 640G9 BNBPC non compatible 4G vP
Windows 11 Pro 64 Downgrade Win 10 Pro 64 - Ecran 14"" Haute-Definition Anti-reflets LED 250 nitz
Station d'accueil HP USB-C Essential Dock G5 - Sacoche recyclée HP Prelude Pro"
PC portables,10,HEWLETT-PACKARD EliteBook 640 G9, Personnel BIATSS,24/05/2017,"13,418.04","10 PC portables EliteBook 640 G9 Cat2Conf2A_640G9_14-FHD-250n_i3-16Go-256Go - 
Intel i7-1265U nWWAN 640G9 BNBPC non compatible 4G vPro - Windows 11 Pro 64 Downgrade Win 10 Pro 64 - 
Ecran 14"" Haute-Definition Anti-reflets LED 250 nitz - Disque dur 2280 PCIe NVMe 512 GB SSD - 
Adaptateur secteur angle droit nPFC 65 Watts - Station d'accueil HP Thunderbolt 120 W G4 - HP 65W USB-C LC Power Adapter EURO
Sacoche recyclee HP Prelude Pro 15,6 pouces a ouverture"
PC portables,1,HEWLETT-PACKARD EliteBook X360,DGS ,15/06/2017,"1,237.74","1 PC HP EliteBook Cat1Conf3B_x360 435 G10_13-FHD-250n_r3-8Go-256Go - AMD Ryzen 7 7730U x360 435 G10 Non compatible 4G - 
Windows 11 Pro 64 Downgrade Win 10 Pro 64 - Stylet HP Slim rechargeable - Memoire 16 Go (1x16 Go) DDR4 3200 - 
Disque SSD 1 To 2280 PCIe NVMe TLC - Station d'accueil HP Thunderbolt 120 W G4 - HP 65W USB-C LC Power Adapter EURO - 
Sacoche pour ordinateur portable HP Renew Business 14,1"
PC portables,8,HEWLETT-PACKARD EliteBook 640 G9,Personnel BIATSS,28/09/2017,"8,510.40","8 PC portables EliteBook 640 G9 - Cat2Conf2A_640G9_14-FHD-250n_i3-16Go-256Go - Processeur Intel i7-1365U 640 G10 - Windows 11 Pro 64 retrograde en Win 10 Pro 64 - Disque SSD 512 Go PCIe NVMe Value - Station d'accueil HP Thunderbolt 120 W G4 - Sacoche recyclee HP Prelude Pro 15,6 pouces a ouverture  "
PC portables,1,HEWLETT-PACKARD EliteBook 860 G10 ,Agent comptable ,28/08/2017,"1,489.82","1 PC portable EliteBook 860 G10 - Cat3Conf3A_860G10_16-FHD-250n_i5-16Go-512Go -
Ordinateur portable HP IDS UMA i7-1370P Realtek USBC 860 - Windows 11 Pro 64 retrograde en Win 10 Pro 64 - 
Disque SSD 1 To 2280 PCIe NVMe TLC - Sacoche pour ordinateur portable HP Renew Executive 16 - Station d'accueil HP Thunderbolt 120 W G4"
PC portables,1,HEWLETT-PACKARD EliteBook 640 G10,DSI ,02/11/2017,"1,367.40","1 PC pHP EliteBook 640 G10 - Certification Ubuntu Version 22.04 - HP IDS UMA i7-1370P for WWAN TI PD IC 640 G10 Base NB PC - 
Windows 11 Pro 64 - 14 inch FHD (1920x1080) Anti-Glare LED UWVA 250 for WWAN for HD Webcam Narrow Bezel bent - 
32GB (2x16GB) DDR4 3200 - 512GB PCIe NVMe Value Solid State Drive - Core i7 sz3 G13 Label - Station d'accueil HP
Thunderbolt 120 W G4 - "
PC portables,8,HEWLETT-PACKARD EliteBook 640 G10,Stock DSI ,28/11/2017,"8,510.40","8 HP EliteBook 640 G10 - Certification Ubuntu 22.04 Cat2Conf2A_640G10_14-FHD-250n_i3-16Go-256Go - 
HP IDS UMA i7-1365U TI PD IC 640 G10 Base NB PC - Windows 11 Pro 64 - 512GB PCIe NVMe Value Solid - 
State Drive - HP Prelude Pro 15.6-inch Recycled Top Load - Station d'accueil HP Thunderbolt 120 W G4"
PC portables,1,DELL PRECISION 3571,Laboratoire LAMCOS ,01/11/2017,"1,927.70","1 PC fixe PRECISION Mobile 3571 - 1 moniteur 24"" Dell "
PC portables,7,HEWLETT-PACKARD EliteBook 640G10,Stock DSI ,28/11/2017,"7,446.60","7 HP EliteBook 640 G10 - Certification Ubuntu 22.04 - Cat2Conf2A_640G10_14-FHD-250n_i3-16Go-256Go - 
HP IDS UMA i7-1365U TI PD IC 640 G10 Base NB PC - Windows 11 Pro 64 - 512GB PCIe NVMe Value Solid
State Drive - HP Prelude Pro 15.6-inch Recycled Top Load - Station d'accueil HP Thunderbolt 120 W G4"
PC portables,1,HP ELITE C645 G2 CHROMEBOOK ENTERPRISE,Laboratoire BF2I ,28/08/2017,712.28,"1 PC fixe tout en un - Cat3Conf1AD_800G9_AIO_24""_i5-8Go-512Go, Windows 11 Pro 64 Downgrade Win 10 Pro 64, 16GB (1x16GB) DDR5 4800"
PC fixes,13,DELL PRECISION 3561,SMART-RAO - Salle 302-109,05/04/2017,"16,353.79","13 PC fixes Catégorie 1 - Configuration n° 3 PRECISION 3660 format MT - Intel Core i7-12700 (12 coeurs HT, 2.1-4.9
Ghz Turbo, 25 Mo cache, 65W) - 32Go 4400MHz DDR5 - 2x16Go - SSD 1To M.2 PCIe NVMe Classe 40 -
NVIDIA T1000 4Go (896 coeurs CUDA, 4xmDP) "
PC fixes,16,DELL PRECISION 3561,TC - Salle Radiocom TSC203,25/09/2017,"19,905.02","16 PC fixes Catégorie 1 - Configuration n° 2 PRECISION 3460 format SSF - Intel Core i7-13700 (16 coeurs HT, 2.1-5.2
Ghz Turbo, 30 Mo cache, 65W) - 32Go 4800MHz DDR5 - 2x16Go - SSD 1To M.2 PCIe NVMe Classe 40 - NVIDIA T1000 8Go (896 coeurs CUDA, 4xmDP)"
Serveurs,1,HEWLETT-PACKARD Serveur HPE,Bât. Joseph Jacquard,19/09/2017,"27342,72",Serveur HPE pour le stockage et la sauvegarde des données Configuration de BASE Cat2 Conf5 DL160 Gen10 HPE ProLiant DL160 Gen10 
Serveurs,2,HEWLETT-PACKARD Serveurs HPE,Bât. Joseph Jacquard,17/11/2017,"93193,54",Serveurs HPE StoreOnce 3660 96T pour le stockage et la sauvegarde des données Configuration de BASE Cat2 Conf5 DL160 Gen10 HPE ProLiant DL160 Gen10 
Serveurs,4,HEWLETT-PACKARD Serveurs HPE,Pour l'infrastructure VDI,22/12/2017,"137910,12",Serveurs HPE pour le stockage et la sauvegarde des données Configuration de BASE HPE DL385 Gen 11 GPU CTO
Serveurs,1,HEWLETT-PACKARD Serveur DL 385,Pour l'infrastructure VDI,20/12/2017,"42822,19",Serveurs HPE pour le stockage et la sauvegarde des données Configuration de BASE HPE DL385 Gen 11 GPU CTO
Serveurs,1,DELL Serveur Dell PowerStore 1200T,Pour l'infrastructure VDI,08/12/2017,"123585,13","Appliance DIMM 384 Go, 192 Go par nœud, SSD SED NVME 25X2,5 P1, 7,68To, Paire de cartes à 4 ports optiques 25GbE, Paire bloc d'alimentation L9 1800 WATT, PowerStore Kit d'installation du bâti de base, PowerStore NVRAM FIPS QTÉ 2, Paire de cartes mezzanines PowerStore 100 Go, "
Mobiles SFR,2,GALAXY A53 5G (SM-A536),ALMA,01/07/2017,931.20,"Processeur Samsung Exynos 1280 - Caméra 64 Mp 4 capteurs -Taille d'écran 6,5 pouces - Définition 2400 x 1080 pixels - Batterie 5000mAh"
Mobiles SFR,1,XIAOMI NOTE 11,CETHIL,01/01/2017,190.80,"Processeur Mediatek Helio G96 - Caméra 108 Mp - 4 capteurs - Taille d'écran6,47 pouces - Définition 2400 x 1080 pixels - Batterie 5000mAh"
Mobiles SFR,1,GALAXY A53 5G (SM-A536),DAFOR,01/06/2017,480.00,"Processeur Samsung Exynos 1380 - Caméra 50 Mp - 3 capteurs - Taille d'écran 6,4 pouces - Définition 2340 x 1080 pixels - Batterie 5000mAh"
Mobiles SFR,2,GALAXY S20 FE 5G (G781B),DGSA,01/05/2017,"1123,2","Processeur Qualcomm Snapdragon 865 - Caméra 12 Mp - 3 capteurs - Taille d'écran 6,5 pouces - Définition 2400 x 1080 pixels - Batterie 4500 mAh"
Mobiles SFR,1,APPLE IPHONE 11 128GB,DIRCOM,01/10/2017,546.00,"Processeur  Apple A13 Bionic - Caméra 12 Mp - 3 capteurs - Taille d'écran 5,8 pouces - Définition 2436 x 1125 pixels  - Batterie 3046 mAh"
Mobiles SFR,1,XIAOMI 12T 5G NOIR,DIRCOM,01/09/2017,636.00,"Processeur Mediatek Dimensity 8100-Ultra - Caméra 108 Mp - 3 capteurs -Taille d'écran 6,67 pouces - Définition2712 x 1220 pixels - Batterie5000mAh"
Mobiles SFR,5,GALAXY A52s 5G (SM-A528),DPI,01/01/2017,1974,"Processeur Qualcomm Snapdragon 778G - Caméra 64 Mp - 4 capteurs - Taille d'écran 6,5 pouces - Définition2400 x 1080 pixels -  Batterie 4500mAh"
Mobiles SFR,1,GALAXY S21 FE 5G (G990B),DSI ,01/06/2017,700.80,"Processeur SoC Qualcomm Snapdragon 888 - Caméra 12 Mp - 3 capteurs - Taille d'écran 6,41 pouces - Définition2400 x 1080 pixels- Batterie 4500mAh"
Mobiles SFR,3,GALAXY A52 (SM-A525F-DS),DSI,01/05/2017,536.40,"Processeur Samsung Exynos 850 - Caméra 50 Mp - 3 capteurs - Taille d'écran 6,5 pouces - Définition1600 x 720 pixels- Batterie 5000mAh"
Mobiles SFR,1,GALAXY A52 5G (SM-A526),REST,01/02/2017,298.80,"Processeur Qualcomm Snapdragon 695 - Caméra 50 Mp - 4 capteurs - Taille d'écran 6,6 pouces - Définition2408 x 1080 pixels - Batterie 5000mAh"
Mobiles SFR,1,GALAXY A52S 5G,REST,01/09/2017,328.80,"Processeur Qualcomm Snapdragon 695 - Caméra 50 Mp - 4 capteurs - Taille d'écran 6,6 pouces - Définition2408 x 1080 pixels - Batterie 5000mAh"
Mobiles SFR,2,CROSsCALL CORE M5,REST,01/03/2017,607.20,"Processeur Qualcomm Snapdragon 662 - Caméra 13 Mp - 1 capteur - Taille d'écran 4,95 pouces - Définition960 x 480 pixels - Batterie 4000 mAh"
Mobiles SFR,1,GALAXY A52s 5G (SM-A528),SPORTS,01/01/2017,394.80,"Processeur Qualcomm Snapdragon 778G - Caméra 64 Mp - 4 capteurs - Taille d'écran 6,5 pouces - Définition2400 x 1080 pixels -  Batterie 4500mAh"
Ecrans,60,IIYAMA  ProLite XUB2595WSU-B1,DSI,17/03/2017,"16,712.20","Écran LED - 25"" - 1920 x  1200 Full HD (1080p) @ 75 Hz - AH-IPS - 300 cd/m² - 1000:1 -
4 ms - HDMI, VGA, DisplayPort - haut-parleurs - noir mat"
